{"E": {"max": 9, "min": 1, "avg": 3.0510204081632653, "expected": 12.204081632653061, "exact_val": 23186}, "N": {"max": 7, "min": 1, "avg": 2.35, "expected": 9.4, "exact_val": 10390}, "T": {"max": 4, "min": 1, "avg": 1.9523809523809523, "expected": 7.809523809523809, "exact_val": 9438}, "I": {"max": 5, "min": 1, "avg": 1.788888888888889, "expected": 7.155555555555556, "exact_val": 10429}, "R": {"max": 4, "min": 1, "avg": 1.7575757575757576, "expected": 7.03030303030303, "exact_val": 9904}, "O": {"max": 5, "min": 1, "avg": 1.7294117647058824, "expected": 6.91764705882353, "exact_val": 9465}, "S": {"max": 4, "min": 1, "avg": 1.7162162162162162, "expected": 6.864864864864865, "exact_val": 11874}, "C": {"max": 6, "min": 1, "avg": 1.621212121212121, "expected": 6.484848484848484, "exact_val": 4516}, "L": {"max": 3, "min": 1, "avg": 1.5081967213114753, "expected": 6.032786885245901, "exact_val": 8093}, "U": {"max": 4, "min": 1, "avg": 1.4647887323943662, "expected": 5.859154929577465, "exact_val": 10053}, "A": {"max": 3, "min": 1, "avg": 1.4411764705882353, "expected": 5.764705882352941, "exact_val": 9958}, "M": {"max": 3, "min": 1, "avg": 1.3636363636363635, "expected": 5.454545454545454, "exact_val": 4693}, "D": {"max": 3, "min": 1, "avg": 1.2307692307692308, "expected": 4.923076923076923, "exact_val": 4315}, "P": {"max": 3, "min": 1, "avg": 1.1714285714285715, "expected": 4.685714285714286, "exact_val": 4116}, ".": {"max": 2, "min": 1, "avg": 1.1666666666666667, "expected": 4.666666666666667, "exact_val": 2262}, "\n": {"max": 2, "min": 1, "avg": 1.1578947368421053, "expected": 4.631578947368421, "exact_val": 4185}, "'": {"max": 2, "min": 1, "avg": 1.1578947368421053, "expected": 4.631578947368421, "exact_val": 2056}, "H": {"max": 2, "min": 1, "avg": 1.15, "expected": 4.6, "exact_val": 1253}, "\u00c0": {"max": 2, "min": 1, "avg": 1.1428571428571428, "expected": 4.571428571428571, "exact_val": 695}, "G": {"max": 2, "min": 1, "avg": 1.1428571428571428, "expected": 4.571428571428571, "exact_val": 1333}, "V": {"max": 3, "min": 1, "avg": 1.125, "expected": 4.5, "exact_val": 3113}, "\u00c8": {"max": 2, "min": 1, "avg": 1.125, "expected": 4.5, "exact_val": 552}, "B": {"max": 2, "min": 1, "avg": 1.0666666666666667, "expected": 4.266666666666667, "exact_val": 1176}, ",": {"max": 2, "min": 1, "avg": 1.0555555555555556, "expected": 4.222222222222222, "exact_val": 2738}, "F": {"max": 2, "min": 1, "avg": 1.0526315789473684, "expected": 4.2105263157894735, "exact_val": 1734}, "\u00c9": {"max": 2, "min": 1, "avg": 1.0416666666666667, "expected": 4.166666666666667, "exact_val": 2441}, "J": {"max": 1, "min": 1, "avg": 1.0, "expected": 4.0, "exact_val": 1332}, "?": {"max": 1, "min": 1, "avg": 1.0, "expected": 4.0, "exact_val": 264}, ";": {"max": 1, "min": 1, "avg": 1.0, "expected": 4.0, "exact_val": 498}, "Q": {"max": 1, "min": 1, "avg": 1.0, "expected": 4.0, "exact_val": 1987}, "!": {"max": 1, "min": 1, "avg": 1.0, "expected": 4.0, "exact_val": 272}, "Z": {"max": 1, "min": 1, "avg": 1.0, "expected": 4.0, "exact_val": 699}, "\u00ca": {"max": 1, "min": 1, "avg": 1.0, "expected": 4.0, "exact_val": 386}, "X": {"max": 1, "min": 1, "avg": 1.0, "expected": 4.0, "exact_val": 581}, "-": {"max": 1, "min": 1, "avg": 1.0, "expected": 4.0, "exact_val": 2389}, "K": {"max": 1, "min": 1, "avg": 1.0, "expected": 4.0, "exact_val": 18}, "\u00c7": {"max": 1, "min": 1, "avg": 1.0, "expected": 4.0, "exact_val": 64}, "_": {"max": 1, "min": 1, "avg": 1.0, "expected": 4.0, "exact_val": 390}, "\u00cb": {"max": 1, "min": 1, "avg": 1.0, "expected": 4.0, "exact_val": 5}, "\u00ce": {"max": 1, "min": 1, "avg": 1.0, "expected": 4.0, "exact_val": 106}, "\u00db": {"max": 1, "min": 1, "avg": 1.0, "expected": 4.0, "exact_val": 66}, ":": {"max": 1, "min": 1, "avg": 1.0, "expected": 4.0, "exact_val": 298}, "Y": {"max": 1, "min": 1, "avg": 1.0, "expected": 4.0, "exact_val": 413}, "\u00d4": {"max": 1, "min": 1, "avg": 1.0, "expected": 4.0, "exact_val": 106}, "\u00bb": {"max": 1, "min": 1, "avg": 1.0, "expected": 4.0, "exact_val": 8}, "W": {"max": 1, "min": 1, "avg": 1.0, "expected": 4.0, "exact_val": 9}}