{"A": {"max": 21, "min": 16, "avg": 18.93, "exact_val": 46553, "expected": 44812.463371148515, "abs_err": 1740.5366288514851, "rel_err": 3.73}, "E": {"max": 22, "min": 17, "avg": 18.91, "exact_val": 54589, "expected": 44322.060251189905, "abs_err": 10266.939748810095, "rel_err": 18.8}, "N": {"max": 21, "min": 17, "avg": 18.67, "exact_val": 44964, "expected": 38848.39645822566, "abs_err": 6115.603541774341, "rel_err": 13.6}, "T": {"max": 20, "min": 16, "avg": 18.33, "exact_val": 36924, "expected": 32230.00337689005, "abs_err": 4693.99662310995, "rel_err": 12.71}, "R": {"max": 21, "min": 16, "avg": 18.32, "exact_val": 35103, "expected": 32052.420074398073, "abs_err": 3050.5799256019272, "rel_err": 8.69}, "S": {"max": 21, "min": 16, "avg": 18.17, "exact_val": 32161, "expected": 29517.076924974153, "abs_err": 2643.9230750258466, "rel_err": 8.22}, "D": {"max": 21, "min": 16, "avg": 18.12, "exact_val": 34097, "expected": 28717.952063760258, "abs_err": 5379.047936239742, "rel_err": 15.77}, "L": {"max": 21, "min": 15, "avg": 17.77, "exact_val": 27336, "expected": 23695.076654044875, "abs_err": 3640.923345955125, "rel_err": 13.31}, "I": {"max": 20, "min": 15, "avg": 17.69, "exact_val": 25284, "expected": 22676.021702821683, "abs_err": 2607.978297178317, "rel_err": 10.31}, "O": {"max": 20, "min": 16, "avg": 17.56, "exact_val": 25615, "expected": 21113.288640892286, "abs_err": 4501.711359107714, "rel_err": 17.57}, "M": {"max": 21, "min": 15, "avg": 17.19, "exact_val": 19078, "expected": 17229.678417933126, "abs_err": 1848.3215820668738, "rel_err": 9.68}, "G": {"max": 19, "min": 15, "avg": 17.02, "exact_val": 20243, "expected": 15692.899838675634, "abs_err": 4550.100161324366, "rel_err": 22.47}, "H": {"max": 19, "min": 15, "avg": 16.79, "exact_val": 16847, "expected": 13831.007213317444, "abs_err": 3015.9927866825565, "rel_err": 17.9}, "K": {"max": 19, "min": 14, "avg": 16.46, "exact_val": 13173, "expected": 11537.45056036337, "abs_err": 1635.5494396366303, "rel_err": 12.41}, "F": {"max": 20, "min": 14, "avg": 16.44, "exact_val": 12721, "expected": 11411.776223215202, "abs_err": 1309.2237767847982, "rel_err": 10.29}, "U": {"max": 19, "min": 13, "avg": 16.05, "exact_val": 10354, "expected": 9209.743272314687, "abs_err": 1144.2567276853133, "rel_err": 11.05}, "\u00c4": {"max": 18, "min": 14, "avg": 16.05, "exact_val": 11020, "expected": 9209.743272314687, "abs_err": 1810.2567276853133, "rel_err": 16.42}, "\u00c5": {"max": 18, "min": 14, "avg": 15.87, "exact_val": 9722, "expected": 8343.683166315352, "abs_err": 1378.3168336846484, "rel_err": 14.17}, "V": {"max": 18, "min": 14, "avg": 15.83, "exact_val": 9702, "expected": 8162.001787612022, "abs_err": 1539.9982123879781, "rel_err": 15.87}, "C": {"max": 18, "min": 13, "avg": 15.72, "exact_val": 8673, "expected": 7682.526870883684, "abs_err": 990.4731291163162, "rel_err": 11.42}, "\u00d6": {"max": 18, "min": 13, "avg": 15.34, "exact_val": 7432, "expected": 6235.9059682759635, "abs_err": 1196.0940317240365, "rel_err": 16.09}, "P": {"max": 18, "min": 13, "avg": 15.2, "exact_val": 6988, "expected": 5774.189381796823, "abs_err": 1213.810618203177, "rel_err": 17.36}, "J": {"max": 18, "min": 13, "avg": 15.19, "exact_val": 6771, "expected": 5741.404772105996, "abs_err": 1029.595227894004, "rel_err": 15.2}, "B": {"max": 18, "min": 13, "avg": 14.94, "exact_val": 5953, "expected": 5005.117079466184, "abs_err": 947.8829205338161, "rel_err": 15.92}, "Y": {"max": 17, "min": 12, "avg": 14.18, "exact_val": 3924, "expected": 3296.219299331851, "abs_err": 627.7807006681492, "rel_err": 15.99}, "Q": {"max": 14, "min": 8, "avg": 10.04, "exact_val": 349, "expected": 337.4082747347564, "abs_err": 11.59172526524361, "rel_err": 3.32}, "X": {"max": 12, "min": 8, "avg": 9.83, "exact_val": 399, "expected": 300.52558883257655, "abs_err": 98.47441116742345, "rel_err": 24.68}, "W": {"max": 13, "min": 6, "avg": 9.4, "exact_val": 260, "expected": 237.68842025849236, "abs_err": 22.311579741507643, "rel_err": 8.58}, "Z": {"max": 12, "min": 7, "avg": 9.29, "exact_val": 245, "expected": 222.66214081686354, "abs_err": 22.33785918313646, "rel_err": 9.11}, "\u00cf": {"max": 8, "min": 4, "avg": 5.89, "exact_val": 35, "expected": 32.784609690826535, "abs_err": 2.215390309173465, "rel_err": 6.32}, "\u00c9": {"max": 3, "min": 1, "avg": 1.89, "exact_val": 3, "expected": 2.7320508075688776, "abs_err": 0.26794919243112236, "rel_err": 8.93}, "\u00d3": {"max": 1, "min": 1, "avg": 1.0, "exact_val": 1, "expected": 1.3660254037844388, "abs_err": 0.3660254037844388, "rel_err": 36.6}}