{"E": {"max": 20, "min": 16, "avg": 17.6, "exact_val": 23186, "expected": 21581.83535439035, "abs_err": 1604.1646456096496, "rel_err": 6.91}, "S": {"max": 19, "min": 14, "avg": 16.31, "exact_val": 11874, "expected": 10624.945590635365, "abs_err": 1249.054409364635, "rel_err": 10.51}, "I": {"max": 18, "min": 13, "avg": 16.08, "exact_val": 10429, "expected": 9364.104142942328, "abs_err": 1064.8958570576724, "rel_err": 10.21}, "U": {"max": 19, "min": 14, "avg": 15.99, "exact_val": 10053, "expected": 8911.94973428968, "abs_err": 1141.0502657103207, "rel_err": 11.35}, "R": {"max": 19, "min": 14, "avg": 15.94, "exact_val": 9904, "expected": 8670.163237819834, "abs_err": 1233.8367621801663, "rel_err": 12.45}, "O": {"max": 18, "min": 14, "avg": 15.87, "exact_val": 9465, "expected": 8343.683166315352, "abs_err": 1121.3168336846484, "rel_err": 11.84}, "T": {"max": 19, "min": 13, "avg": 15.86, "exact_val": 9438, "expected": 8297.238302586682, "abs_err": 1140.761697413318, "rel_err": 12.08}, "N": {"max": 19, "min": 13, "avg": 15.85, "exact_val": 10390, "expected": 8252.159464261795, "abs_err": 2137.8405357382053, "rel_err": 20.57}, "A": {"max": 18, "min": 14, "avg": 15.84, "exact_val": 9958, "expected": 8207.08062593691, "abs_err": 1750.9193740630908, "rel_err": 17.58}, "L": {"max": 18, "min": 13, "avg": 15.5, "exact_val": 8093, "expected": 6808.270612461643, "abs_err": 1284.7293875383566, "rel_err": 15.87}, "P": {"max": 17, "min": 12, "avg": 14.53, "exact_val": 4116, "expected": 3995.6243060694837, "abs_err": 120.37569393051626, "rel_err": 2.92}, "C": {"max": 16, "min": 12, "avg": 14.44, "exact_val": 4516, "expected": 3803.0147241358777, "abs_err": 712.9852758641223, "rel_err": 15.78}, "M": {"max": 17, "min": 12, "avg": 14.36, "exact_val": 4693, "expected": 3639.091675681745, "abs_err": 1053.908324318255, "rel_err": 22.45}, "D": {"max": 16, "min": 12, "avg": 14.3, "exact_val": 4315, "expected": 3521.6134909562834, "abs_err": 793.3865090437166, "rel_err": 18.38}, "V": {"max": 16, "min": 11, "avg": 13.78, "exact_val": 3113, "expected": 2645.991207130458, "abs_err": 467.00879286954205, "rel_err": 15.0}, "\u00c9": {"max": 15, "min": 11, "avg": 13.36, "exact_val": 2441, "expected": 2100.947071020467, "abs_err": 340.05292897953314, "rel_err": 13.93}, "Q": {"max": 15, "min": 11, "avg": 12.96, "exact_val": 1987, "expected": 1685.6753482699976, "abs_err": 301.3246517300024, "rel_err": 15.16}, "F": {"max": 15, "min": 10, "avg": 12.64, "exact_val": 1734, "expected": 1413.836292916894, "abs_err": 320.1637070831059, "rel_err": 18.46}, "J": {"max": 15, "min": 10, "avg": 12.41, "exact_val": 1332, "expected": 1245.8151682514083, "abs_err": 86.1848317485917, "rel_err": 6.47}, "H": {"max": 15, "min": 9, "avg": 12.34, "exact_val": 1253, "expected": 1198.0042791189528, "abs_err": 54.99572088104719, "rel_err": 4.38}, "G": {"max": 14, "min": 10, "avg": 12.3, "exact_val": 1333, "expected": 1172.0497964470485, "abs_err": 160.9502035529515, "rel_err": 12.07}, "B": {"max": 14, "min": 9, "avg": 12.07, "exact_val": 1176, "expected": 1032.7152052610359, "abs_err": 143.28479473896414, "rel_err": 12.18}, "\u00c0": {"max": 13, "min": 9, "avg": 11.21, "exact_val": 695, "expected": 643.3979651824707, "abs_err": 51.60203481752933, "rel_err": 7.42}, "Z": {"max": 13, "min": 9, "avg": 11.17, "exact_val": 699, "expected": 629.7377111446262, "abs_err": 69.26228885537375, "rel_err": 9.9}, "X": {"max": 14, "min": 9, "avg": 10.72, "exact_val": 581, "expected": 491.769145362398, "abs_err": 89.23085463760202, "rel_err": 15.35}, "\u00c8": {"max": 13, "min": 8, "avg": 10.6, "exact_val": 552, "expected": 460.35056107535587, "abs_err": 91.64943892464413, "rel_err": 16.6}, "Y": {"max": 12, "min": 8, "avg": 10.23, "exact_val": 413, "expected": 374.29096063693623, "abs_err": 38.709039363063766, "rel_err": 9.37}, "\u00ca": {"max": 13, "min": 8, "avg": 10.08, "exact_val": 386, "expected": 345.604427157463, "abs_err": 40.39557284253698, "rel_err": 10.46}, "\u00ce": {"max": 10, "min": 6, "avg": 7.73, "exact_val": 106, "expected": 94.25575286112628, "abs_err": 11.744247138873718, "rel_err": 11.07}, "\u00d4": {"max": 10, "min": 6, "avg": 7.65, "exact_val": 106, "expected": 90.15767664977297, "abs_err": 15.842323350227034, "rel_err": 14.94}, "\u00c2": {"max": 10, "min": 6, "avg": 7.36, "exact_val": 92, "expected": 76.49742261192857, "abs_err": 15.50257738807143, "rel_err": 16.85}, "\u00db": {"max": 9, "min": 5, "avg": 6.89, "exact_val": 66, "expected": 58.73909236273087, "abs_err": 7.260907637269128, "rel_err": 11.0}, "\u00c7": {"max": 9, "min": 5, "avg": 6.74, "exact_val": 64, "expected": 53.274990747593115, "abs_err": 10.725009252406885, "rel_err": 16.75}, "\u00d9": {"max": 9, "min": 5, "avg": 6.6, "exact_val": 61, "expected": 49.1769145362398, "abs_err": 11.8230854637602, "rel_err": 19.38}, "K": {"max": 7, "min": 3, "avg": 4.63, "exact_val": 18, "expected": 15.026279441628827, "abs_err": 2.9737205583711734, "rel_err": 16.52}, "W": {"max": 5, "min": 2, "avg": 3.55, "exact_val": 9, "expected": 8.196152422706634, "abs_err": 0.8038475772933662, "rel_err": 8.93}, "\u00cf": {"max": 5, "min": 1, "avg": 3.06, "exact_val": 6, "expected": 5.464101615137755, "abs_err": 0.5358983848622447, "rel_err": 8.93}, "\u00cb": {"max": 4, "min": 1, "avg": 2.64, "exact_val": 5, "expected": 4.098076211353317, "abs_err": 0.9019237886466831, "rel_err": 18.03}, "\u00c6": {"max": 1, "min": 1, "avg": 1.0, "exact_val": 1, "expected": 1.3660254037844388, "abs_err": 0.3660254037844388, "rel_err": 36.6}}